night_id,NSB_median_night,NSB_mean,NSB_std,NSB_min,NSB_max,NSB_IQR_night,nb_mesures,year_decimal,abs_B_ZEN
25,21.211369,21.2072915625,0.07788598329077404,20.632347,21.261877,0.04936000000000007,64,2022.4106776180697,29.654832984375
35,21.186968,21.18109511392405,0.03842039549576311,21.09451,21.261877,0.023862999999998635,158,2022.413415468857,40.64206658227848
127,21.211369,21.19676252972973,0.07685620276041691,21.029991,21.28804,0.1221219999999974,185,2022.479123887748,35.893452421621625
131,21.1283265,21.150212468446604,0.06514489448264428,20.874622,21.261877,0.09447100000000219,412,2022.4818617385351,39.27778224029126
133,21.261877,21.222412621776506,0.07847858075940044,21.00931,21.31485,0.12493499999999713,349,2022.4845995893224,41.043815776504296
137,21.236328,21.235349449648712,0.10547681741269559,20.856674,21.37054,0.1278819999999996,427,2022.4873374401095,41.03610955971897
140,21.139755,21.136048200934578,0.05905400003741421,20.89287,21.211369,0.11439299999999974,428,2022.4900752908966,41.269614156542055
143,21.236328,21.22655460046729,0.12028119914127848,20.91143,21.37054,0.225441,428,2022.4928131416839,41.66425006308411
148,21.429243,21.321437748051945,0.1651680310829659,21.072575,21.491302,0.3429320000000011,385,2022.495550992471,42.18479756623377
220,21.342339,21.280274135064936,0.1539290363085116,20.930313,21.429243,0.21252799999999894,385,2022.561259411362,49.2208651948052
223,21.28804,21.23123069680851,0.19740185782102965,20.80455,21.45983,0.33473299999999995,376,2022.5639972621493,48.971117800531914
225,21.342339,21.265646522781772,0.15111422284673326,20.91143,21.399496,0.0804620000000007,417,2022.5667351129364,52.76751389928057
228,21.342339,21.280762791366904,0.15730127459404347,20.89287,21.429243,0.16316799999999887,417,2022.5694729637235,53.13401570503597
231,21.342339,21.277210972222225,0.12037402821750988,20.969093,21.399496,0.15917099999999706,396,2022.5722108145105,55.07475807070707
235,21.261877,21.244261583959897,0.13881563513667905,20.89287,21.429243,0.1431705000000001,399,2022.5749486652978,55.199924496240605
240,21.342339,21.297958490842493,0.11335801225223995,21.029991,21.429243,0.18812699999999793,273,2022.577686516085,50.42991532600733
359,21.261877,21.255679937639197,0.07992108987452706,21.00931,21.37054,0.1034809999999986,449,2022.643394934976,59.75256102895323
364,21.31485,21.29284248502994,0.12698068758038925,20.969093,21.45983,0.21252799999999894,334,2022.6461327857633,58.66611739221556
379,21.116898,21.090824962962962,0.05997615045149097,20.989016,21.163105,0.10976400000000197,54,2022.6516084873374,31.727569685185184
389,21.342339,21.329527626373626,0.04327139707413531,21.163105,21.37054,0.05568999999999846,91,2022.6543463381245,66.10940563736264
468,21.236328,21.16156667091295,0.1860040757254988,20.691854,21.45983,0.18930199999999786,471,2022.7282683093772,54.38327033970276
473,21.236328,21.16905355616943,0.19267723106045975,20.691854,21.399496,0.3226885000000017,543,2022.7310061601643,57.324696095764274
475,21.28804,21.208649054744527,0.18608131283602483,20.676668,21.399496,0.25364199999999926,548,2022.7337440109513,57.26331664416058
479,21.342339,21.255532474074077,0.1906890825457116,20.722878,21.429243,0.134211999999998,540,2022.7364818617386,57.88307179444444
482,21.261877,21.24127639784946,0.09516021899117352,21.029991,21.399496,0.1034809999999986,279,2022.7392197125257,65.09424999283155
522,21.236328,21.23317447368421,0.02894963187373659,21.163105,21.28804,0.05050799999999711,228,2023.1286789869953,34.76194025438597
523,21.236328,21.225407927672954,0.042480468728563946,21.072575,21.28804,0.05050799999999711,318,2023.1314168377824,35.25644281446541
524,21.163105,21.15123955835962,0.032506253818274156,20.989016,21.186968,0.023350000000000648,317,2023.1341546885694,35.70267918611987
538,21.236328,21.248732313901343,0.03134787755692837,21.211369,21.31485,0.07667099999999749,223,2023.1423682409309,34.641669690582965
658,21.139755,21.114356475728158,0.0954136846972518,20.83902,21.236328,0.13589299999999938,103,2023.2135523613963,35.05760230097087
841,20.9208715,20.870744244604317,0.27348697988749765,19.663872,21.211369,0.20678399999999897,278,2023.290212183436,35.807514654676254
843,21.029991,21.053274553435113,0.08403428777311726,20.83902,21.186968,0.1304450000000017,262,2023.2929500342232,34.672213763358776
848,21.116898,21.101489586466165,0.0751459205475648,20.874622,21.211369,0.11203000000000074,133,2023.2956878850102,31.860473766917295
864,21.139755,21.13166698125,0.07186018061331953,20.969093,21.236328,0.0924580000000006,160,2023.3011635865846,32.8072860875
986,21.211369,21.17760908108108,0.06612956322553747,20.969093,21.28804,0.0840935000000016,259,2023.3696098562627,35.53424173359073
1007,21.029991,21.0418778375,0.09247838966364322,20.787716,21.163105,0.1706620000000001,240,2023.3778234086242,36.60594322916666
1009,21.139755,21.11889385952381,0.10083006027363312,20.83902,21.236328,0.13589299999999938,420,2023.3805612594113,34.48237840714286
1011,21.00931,21.044202026894865,0.06705120343703182,20.89287,21.186968,0.08520000000000039,409,2023.3832991101985,34.59155527383863
1061,21.072575,21.082898027027028,0.0649490565389053,20.874622,21.186968,0.10976400000000197,370,2023.454483230664,37.34885055675676
1063,21.186968,21.214113948477753,0.09414801428141088,21.00931,21.429243,0.09877199999999675,427,2023.457221081451,38.084698967213114
1065,21.139755,21.14796792,0.04297733801371491,21.029991,21.236328,0.023350000000000648,400,2023.4599589322381,36.7214407975
1067,21.236328,21.219657242424244,0.10773868282523918,19.514452,21.31485,0.07490899999999812,429,2023.4626967830254,38.54338138927739
1070,21.163105,21.21308843989071,0.10789551232715437,21.029991,21.399496,0.1979520000000008,366,2023.4654346338125,37.35725016939891
1147,21.236328,21.154789063981042,0.17520286785678152,20.787716,21.342339,0.1935299999999991,422,2023.542094455852,48.62838898341232
1148,21.28804,21.181747503067484,0.20203099566345736,20.821648,21.37054,0.44946900000000056,326,2023.5448323066394,41.46663219631902
1149,21.399496,21.348866275092934,0.09750799045809957,20.930313,21.429243,0.08464599999999933,269,2023.5475701574264,54.36534348698885
1356,21.139755,21.107866976804125,0.08186043027952032,20.874622,21.211369,0.11203000000000074,388,2023.8596851471596,58.31053153608248
1359,21.116898,21.091327373205743,0.07118538184296846,20.91143,21.186968,0.08868000000000009,418,2023.8624229979466,59.577646715311005
1364,21.00931,20.99755307580175,0.06476543092355568,20.821648,21.09451,0.081982,343,2023.8651608487337,58.59218939358601
1498,21.342339,21.34893587341772,0.07201017700054635,21.163105,21.45983,0.14120300000000086,79,2023.9390828199862,47.325792443037976
1510,21.186968,21.15853385608856,0.09213005617003407,20.646921,21.236328,0.0840935000000016,271,2023.9445585215606,50.013636527675274
1583,21.211369,21.196928979166668,0.09296968313068041,20.94953,21.31485,0.09877199999999675,144,2024.021902806297,38.44935598611111
1611,21.491302,21.477627094736842,0.04685767443218862,21.31485,21.557125,0.06388399999999805,95,2024.101300479124,28.635802915789473
1692,21.28804,21.275846862542956,0.06742364875116623,21.139755,21.37054,0.1034809999999986,291,2024.1806981519508,36.98529020962199
1696,21.28804,21.280565919881305,0.06926115030368231,21.116898,21.399496,0.10601099999999875,337,2024.1943874058863,35.83861378338279
1745,21.28804,21.234485881773402,0.1027885600964577,20.969093,21.342339,0.15174499999999824,406,2024.2683093771388,34.145250492610835
1746,21.211369,21.186755856435646,0.10753111717842917,20.930313,21.342339,0.14828499999999778,404,2024.2710472279261,34.07227576485149
1749,21.186968,21.17106324880383,0.09055239983244825,20.969093,21.28804,0.11943000000000126,418,2024.2737850787132,34.08690520334928
1792,21.116898,21.046063104529615,0.1423359907763645,20.722878,21.186968,0.29409800000000175,287,2024.3449691991786,35.341238773519166
1871,21.236328,21.210920451219515,0.04047215424529586,21.116898,21.261877,0.0732229999999987,164,2024.4298425735797,32.577666390243905
1872,21.31485,21.31751157723577,0.022465093424553422,21.261877,21.342339,0.02748899999999921,123,2024.4298425735797,40.06014249593496
1876,21.163105,21.16221098089172,0.03159002313058476,21.072575,21.211369,0.04721299999999928,157,2024.432580424367,32.20876369426751
1877,21.342339,21.349003613207543,0.013193101997470627,21.31485,21.37054,0.02115075000000033,106,2024.432580424367,38.46162594339623
1932,20.969093,20.979344648484847,0.04377306198433854,20.856674,21.116898,0.08046099999999967,165,2024.5037645448324,31.860364569696973
1934,21.236328,21.156544693925234,0.1310558814765035,20.89287,21.31485,0.2525669999999991,428,2024.5065023956195,43.19447003971962
1935,21.28804,21.223692215456673,0.14767563301680314,20.930313,21.399496,0.2979649999999978,427,2024.5092402464065,43.57791042154567
1936,21.236328,21.1792521682243,0.11036222810224124,20.738728,21.31485,0.21546499999999824,428,2024.5119780971936,43.848143670560745
1937,21.429243,21.404054905454544,0.0822096417011564,21.029991,21.45983,0.060334000000001,275,2024.514715947981,50.73365821454546
1938,21.31485,21.24883781043956,0.15885301598355014,19.901707,21.37054,0.13707024999999717,364,2024.517453798768,46.25702505769231
1979,21.211369,21.163524918987342,0.14804355329038243,20.722878,21.31485,0.04936000000000007,395,2024.583162217659,54.1266206835443
1980,21.342339,21.27356639759036,0.14572212851912075,20.856674,21.37054,0.08249999999999957,415,2024.5859000684463,55.565184985542174
1982,21.186968,21.14902997094431,0.1596294274987074,20.632347,21.261877,0.09657299999999935,413,2024.5886379192334,56.12894998547216
1984,21.236328,21.174558057971012,0.1557181619498127,20.617966,21.28804,0.0732229999999987,414,2024.5913757700205,56.416807572463775
1986,21.28804,21.25093587409201,0.1207745157899071,20.787716,21.342339,0.07852199999999954,413,2024.5941136208078,56.93875920096852
1987,21.261877,21.21490234526854,0.12201120966967119,20.707254,21.342339,0.07490899999999812,391,2024.5968514715948,59.246882150895146
2021,21.429243,21.43050102173913,0.036042654143971904,21.342339,21.491302,0.030587000000000586,230,2024.662559890486,74.72247636521739
2022,21.236328,21.247268987012987,0.0455367538533442,21.163105,21.342339,0.07667099999999749,231,2024.6652977412732,72.3630447142857
2023,21.31485,21.281093231092438,0.10328849119321543,20.930313,21.399496,0.134211999999998,476,2024.6680355920603,59.487180726890756
2024,21.37054,21.212755486430062,0.3531978936835601,20.422396,21.491302,0.1848715000000034,479,2024.6707734428473,59.4046904217119
2025,21.31485,21.256630315789472,0.22314680876270995,20.646921,21.429243,0.13761900000000082,323,2024.6735112936344,69.99549739628483
2026,21.399496,21.345796486597937,0.14343042312318255,20.969093,21.491302,0.19795300000000182,485,2024.6762491444217,59.30387923505155
2027,20.9593115,20.956443333333333,0.08413925229488038,20.738728,21.09451,0.1371210000000005,90,2024.6789869952088,37.78831073333333
2132,21.261877,21.246910363036303,0.06769214259043008,21.051075,21.342339,0.1010719999999985,303,2024.908966461328,54.11884717821783
2134,21.236328,21.227792844444444,0.05761198359227219,21.116898,21.31485,0.07490899999999812,90,2024.914442162902,30.21881722222222
2439,21.261877,21.247327035230352,0.09483859845028074,20.969093,21.37054,0.1034809999999986,369,2025.39151266256,34.656929493224936
2441,21.236328,21.255116196217497,0.06294644070311572,21.09451,21.37054,0.1034809999999986,423,2025.394250513347,34.8549833711584
2443,21.139755,21.106296146572106,0.1055148757641017,20.787716,21.236328,0.13589299999999938,423,2025.3969883641341,34.934207784869976
2445,21.139755,21.14037879764706,0.08949939156152498,20.91143,21.31485,0.0924580000000006,425,2025.3997262149212,34.98596553647059
2447,21.139755,21.1179679375,0.05695780192395448,21.00931,21.211369,0.09053000000000111,160,2025.4024640657085,34.0077437125
2448,21.28804,21.282749375,0.026457962005195283,21.211369,21.31485,0.05297300000000149,160,2025.4052019164956,39.466324424999996
