UTC_DATE,UTC_JD,UTC_WDAY,UTCNIGHT,UTCTIME,LOC_DATE,LOC_JD,LOC_WDAY,LOCNIGHT,LOCTIME,EFFIC,GOODNESS,T_AMB,T_SKY,FREQ,NSB,ZP,AZ_SUN,ALT_SUN,AZ_MOON,ALT_MOON,AGE_MOON,ILLUMOON,DISTMOON,L_ZEN,B_ZEN,ALPHAZEN,BETAZEN,GAMBONS,delta_T,night_id,delta_T_std_30min,NSB_median_30min,NSB_residu,laser_group
2022-05-31 18:48:03,2459731.2833680557,Tue,2022-06-01,-5.1991673,2022-05-31T22:48:03.000,2459731.450034722,Tue,2022-06-01,-1.1991673,0.055489477,0,10.18,-40.48,0.75,20.632347,20.32,276.6074,-69.50151,285.78955,-55.578136,1.1940982,0.016050858,405580.84,340.30176,31.99675,229.76083,-3.4455237,0.0,50.66,25,0.8078986262812621,21.236328125,-0.6039810180664062,0
2023-04-17 16:25:58,2460052.184699074,Mon,2023-04-18,-7.5672226,2023-04-17T20:25:58.000,2460052.351365741,Mon,2023-04-18,-3.5672226,0.23469236,0,12.01,-8.43,1.42,19.93928,20.32,268.8681,-33.50083,230.7494,-51.230053,26.838005,0.07983312,369094.94,255.58412,24.651487,157.65575,-31.99428,0.0,20.44,841,0.6055481335371575,20.31999969482422,-0.3807201385498047,1
2023-04-17 16:26:58,2460052.1853935183,Mon,2023-04-18,-7.550556,2023-04-17T20:26:58.000,2460052.3520601853,Mon,2023-04-18,-3.5505562,0.23469397,0,12.02,-8.51,1.75,19.712404,20.32,268.77527,-33.73406,230.48898,-51.4076,26.838766,0.07978926,369095.97,255.76779,24.815422,157.9089,-31.901758,0.0,20.53,841,0.6300023255206375,20.129639625549316,-0.4172353744506836,1
2023-04-17 16:37:01,2460052.1923726853,Mon,2023-04-18,-7.3830547,2023-04-17T20:37:01.000,2460052.359039352,Mon,2023-04-18,-3.3830547,0.23471016,0,12.05,-8.91,1.6,19.8097,20.32,267.82568,-36.077496,227.74944,-53.154778,26.84641,0.07934909,369106.47,257.65717,26.435232,160.43478,-30.963196,0.0,20.96,841,0.6277403268087889,20.341934204101562,-0.5322341918945312,2
2023-04-17 16:38:02,2460052.1930787037,Mon,2023-04-18,-7.3661118,2023-04-17T20:38:02.000,2460052.35974537,Mon,2023-04-18,-3.3661118,0.23471177,0,12.04,-8.86,1.83,19.663872,20.32,267.7278,-36.314495,227.4594,-53.327538,26.847183,0.07930463,369107.53,257.85278,26.596195,160.68848,-30.86741,0.0,20.9,841,0.6251584850207741,20.341934204101562,-0.6780624389648438,2
2023-04-17 16:39:02,2460052.193773148,Mon,2023-04-18,-7.3494453,2023-04-17T20:39:02.000,2460052.3604398146,Mon,2023-04-18,-3.3494453,0.23471339,0,12.03,-8.96,1.48,19.894346,20.32,267.6312,-36.547592,227.1717,-53.496716,26.847944,0.0792609,369108.6,258.046,26.753984,160.93768,-30.773054,0.0,20.99,841,0.6215339497226501,20.33642292022705,-0.4420766830444336,2
2023-04-17 16:40:03,2460052.1944791665,Mon,2023-04-18,-7.3325005,2023-04-17T20:40:03.000,2460052.3611458335,Mon,2023-04-18,-3.3325005,0.234715,0,12.03,-8.91,1.39,19.962463,20.32,267.53262,-36.78456,226.87675,-53.66793,26.848717,0.07921646,369109.66,258.24326,26.913857,161.19072,-30.676981,0.0,20.939999,841,0.617650295289157,20.33091163635254,-0.36844825744628906,2
2023-04-17 18:45:47,2460052.2817939813,Mon,2023-04-18,-5.236944,2023-04-17T22:45:47.000,2460052.448460648,Mon,2023-04-18,-1.2369442,0.23491704,0,12.28,-9.02,1.27,20.06049,20.32,248.20515,-65.51204,169.31487,-64.03527,26.944323,0.07381006,369245.22,289.6928,40.82131,190.59595,-18.299715,0.0,21.3,841,0.858626365990153,21.009309768676758,-0.9488201141357422,3
2023-04-17 18:46:47,2460052.2824884257,Mon,2023-04-18,-5.220278,2023-04-17T22:46:47.000,2460052.4491550922,Mon,2023-04-18,-1.2202778,0.23491865,0,12.28,-8.99,1.12,20.196955,20.32,247.92351,-65.72854,168.77159,-63.996906,26.945082,0.07376778,369246.3,289.99475,40.87176,190.81964,-18.201843,0.0,21.27,841,0.8679587731986594,20.989015579223633,-0.7920608520507812,3
2023-04-17 18:48:47,2460052.283877315,Mon,2023-04-18,-5.186945,2023-04-17T22:48:47.000,2460052.4505439815,Mon,2023-04-18,-1.186945,0.23492189,0,12.29,-9.14,0.9,20.434393,20.32,247.34712,-66.16023,167.68979,-63.913887,26.946602,0.073683254,369248.53,290.60025,40.969227,191.26677,-18.006327,0.0,21.43,841,0.9012613641089432,20.969093322753906,-0.5347003936767578,3
2023-04-17 18:49:48,2460052.2845833334,Mon,2023-04-18,-5.169998,2023-04-17T22:49:48.000,2460052.45125,Mon,2023-04-18,-1.1699982,0.23492351,0,12.3,-9.27,0.99,20.330912,20.32,247.04721,-66.37898,167.14246,-63.868484,26.947376,0.0736403,369249.66,290.9089,41.017,191.49393,-17.907059,0.0,21.57,841,0.9247592040557053,20.969093322753906,-0.6381816864013672,3
2023-04-17 18:50:49,2460052.285289352,Mon,2023-04-18,-5.153055,2023-04-17T22:50:49.000,2460052.4519560183,Mon,2023-04-18,-1.1530552,0.23492512,0,12.27,-9.38,0.81,20.548788,20.32,246.74246,-66.597244,166.59695,-63.820942,26.948149,0.07359736,369250.78,291.21808,41.063576,191.721,-17.80787,0.0,21.650002,841,0.9527698926608963,20.969093322753906,-0.4203052520751953,3
2023-04-17 20:48:30,2460052.367013889,Mon,2023-04-18,-3.1916676,2023-04-18T00:48:30.000,2460052.5336805554,Tue,2023-04-18,0.80833334,0.23511413,0,11.88,-9.67,0.72,20.676668,20.32,143.8529,-77.23269,122.60062,-48.07868,27.037575,0.06870654,369384.97,326.94095,38.136723,217.7817,-7.270949,0.0,21.55,841,0.23067102686375332,20.930313110351562,-0.2536449432373047,4
2023-04-17 20:49:30,2460052.3677083333,Mon,2023-04-18,-3.1749992,2023-04-18T00:49:30.000,2460052.534375,Tue,2023-04-18,0.825,0.23511575,0,11.93,-9.39,0.93,20.398792,20.32,142.94092,-77.09379,122.37368,-47.891182,27.038336,0.06866566,369386.16,327.21448,38.045242,218.00386,-7.192603,0.0,21.32,841,0.2331245254647269,20.930313110351562,-0.5315208435058594,4
2023-04-17 20:59:32,2460052.374675926,Mon,2023-04-18,-3.0077782,2023-04-18T00:59:32.000,2460052.541342593,Tue,2023-04-18,0.99222225,0.2351319,0,12.16,-8.15,0.72,20.676668,20.32,134.78568,-75.55272,120.18878,-45.984016,27.045958,0.06825614,369397.9,329.91016,37.074543,220.23572,-6.4200125,0.0,20.31,841,1.3465727121281716,20.930313110351562,-0.2536449432373047,5
2023-04-17 21:00:33,2460052.3753819447,Mon,2023-04-18,-2.9908333,2023-04-18T01:00:33.000,2460052.542048611,Tue,2023-04-18,1.0091667,0.23513351,0,12.15,-8.81,0.94,20.38718,20.32,134.05347,-75.38351,119.97631,-45.788273,27.046728,0.06821471,369399.1,330.17828,36.97094,220.46216,-6.343122,0.0,20.96,841,1.3380517663703988,20.930313110351562,-0.5431327819824219,5
2023-04-17 21:01:33,2460052.376076389,Mon,2023-04-18,-2.9741669,2023-04-18T01:01:33.000,2460052.5427430556,Tue,2023-04-18,1.0258334,0.23513514,0,12.14,-9.52,1.2,20.122047,20.32,133.34883,-75.21503,119.768845,-45.595314,27.04749,0.06817397,369400.28,330.44107,36.868114,220.68495,-6.2677474,0.0,21.66,841,1.3396488150808554,20.930313110351562,-0.8082656860351562,5
2023-04-17 21:04:34,2460052.3781712963,Mon,2023-04-18,-2.9238873,2023-04-18T01:04:34.000,2460052.544837963,Tue,2023-04-18,1.0761112,0.23513998,0,12.09,-9.46,0.9,20.434393,20.32,131.31313,-74.695244,119.15203,-45.010735,27.04978,0.06805113,369403.8,331.22833,36.552456,221.35736,-6.041913,0.0,21.55,841,1.3389084399156586,20.930313110351562,-0.49592018127441406,5
2023-04-17 22:15:56,2460052.4277314814,Mon,2023-04-18,-1.7344437,2023-04-18T02:15:56.000,2460052.5943981484,Tue,2023-04-18,2.2655556,0.23525465,0,12.27,-8.23,0.62,20.83902,20.32,105.64997,-59.850613,107.576935,-30.376472,27.10398,0.06517581,369489.06,347.40674,27.0343,237.4381,-1.4533553,0.0,20.5,841,0.4732700951264644,21.09450912475586,-0.2554893493652344,6
2023-04-22 18:17:59,2460057.2624884257,Sat,2023-04-23,-5.700279,2023-04-22T22:17:59.000,2460057.4291550927,Sat,2023-04-23,-1.7002792,0.23740381,0,11.19,-10.04,0.82,20.535465,20.32,257.61685,-60.25092,285.07803,-33.578327,2.6413715,0.0769048,387674.97,287.25702,40.3684,188.77135,-19.098984,0.0,21.23,871,1.234164546409009,21.072574615478516,-0.537109375,7
2023-04-22 18:19:00,2460057.2631944446,Sat,2023-04-23,-5.6833324,2023-04-22T22:19:00.000,2460057.429861111,Sat,2023-04-23,-1.6833324,0.23740539,0,11.21,-10.03,0.84,20.509302,20.32,257.43585,-60.48256,285.0323,-33.79963,2.6420677,0.07694427,387678.4,287.55896,40.42905,188.99956,-18.998915,0.0,21.24,871,1.5794498910421388,21.051074981689453,-0.5417728424072266,7
2023-04-22 18:20:01,2460057.263900463,Sat,2023-04-23,-5.6663876,2023-04-22T22:20:01.000,2460057.4305671295,Sat,2023-04-23,-1.6663876,0.23740697,0,11.24,-10.13,0.85,20.496452,20.32,257.25272,-60.714035,284.9868,-34.020973,2.6427636,0.07698374,387681.84,287.86157,40.488544,189.22768,-18.89891,0.0,21.369999,871,1.7052413822514612,21.029991149902344,-0.533538818359375,7
2023-06-19 15:20:58,2460115.1395601854,Mon,2023-06-20,-8.650556,2023-06-19T19:20:58.000,2460115.306226852,Mon,2023-06-20,-4.6505547,0.27280053,0,12.95,-26.26,2.1,19.514452,20.32,287.78622,-21.658777,296.7917,-6.8803673,1.4052392,0.0221829,401009.66,302.9932,41.921135,200.12883,-14.186099,0.0,39.21,1067,0.24469650636273602,21.072574615478516,-1.5581226348876953,8
2024-01-09 18:21:52,2460319.2651851852,Tue,2024-01-10,-5.6355553,2024-01-09T22:21:52.000,2460319.4318518518,Tue,2024-01-10,-1.6355553,0.25788793,0,13.5,-7.07,0.56,20.94953,20.32,216.76285,-37.356018,186.4869,-40.72833,27.586657,0.042161677,372323.56,222.93707,-29.669958,76.162025,-44.034573,0.0,20.57,1583,0.33262698234954335,21.236328125,-0.28679847717285156,9
2024-01-09 18:22:52,2460319.2658796296,Tue,2024-01-10,-5.618889,2024-01-09T22:22:52.000,2460319.432546296,Tue,2024-01-10,-1.6188889,0.2578888,0,13.55,-7.18,0.56,20.94953,20.32,216.52992,-37.49524,186.20924,-40.75237,27.587383,0.042130627,372320.06,223.0287,-29.450056,76.48586,-44.05759,0.0,20.73,1583,0.32007176178110847,21.236328125,-0.28679847717285156,9
2024-01-09 18:23:52,2460319.266574074,Tue,2024-01-10,-5.6022224,2024-01-09T22:23:52.000,2460319.4332407406,Tue,2024-01-10,-1.6022224,0.25788966,0,13.55,-7.18,0.55,20.969093,20.32,216.29585,-37.633694,185.93135,-40.77533,27.58811,0.042099584,372316.53,223.12033,-29.230217,76.80989,-44.080063,0.0,20.73,1583,0.3012470071936745,21.223848342895508,-0.25475502014160156,9
2024-07-08 16:55:07,2460500.2049421296,Mon,2024-07-09,-7.0813904,2024-07-08T20:55:07.000,2460500.3716087965,Mon,2024-07-09,-3.0813904,0.2435249,0,10.05,-29.16,1.47,19.901707,20.32,281.66727,-41.80303,286.50735,-9.548428,2.676113,0.07888583,397393.94,348.28064,26.326683,238.46436,-1.2129349,0.0,39.21,1938,0.6631774552776546,21.051074981689453,-1.1493682861328125,10
2024-07-08 16:56:07,2460500.205636574,Mon,2024-07-09,-7.064724,2024-07-08T20:56:07.000,2460500.372303241,Mon,2024-07-09,-3.064724,0.24352556,0,9.88,-29.42,1.28,20.051975,20.32,281.61948,-42.031387,286.42807,-9.765961,2.6767542,0.07892262,397396.28,348.47165,26.167437,238.69257,-1.161464,0.0,39.3,1938,0.6298048862171224,21.051074981689453,-0.9990997314453125,10
2024-07-08 16:58:07,2460500.2070254628,Mon,2024-07-09,-7.031389,2024-07-08T20:58:07.000,2460500.3736921297,Mon,2024-07-09,-3.0313892,0.24352692,0,10.08,-29.31,0.7,20.707254,20.32,281.52444,-42.48823,286.27002,-10.200604,2.6780367,0.07899622,397401.0,348.85126,25.847387,239.1492,-1.0595452,0.0,39.39,1938,0.5273267147456088,21.051074981689453,-0.34382057189941406,10
2024-07-08 16:59:07,2460500.207719907,Mon,2024-07-09,-7.014723,2024-07-08T20:59:07.000,2460500.374386574,Mon,2024-07-09,-3.0147228,0.2435276,0,10.15,-29.34,0.73,20.661692,20.32,281.47717,-42.71671,286.1913,-10.417774,2.678678,0.079033025,397403.38,349.03986,25.686592,239.37762,-1.009099,0.0,39.489998,1938,0.504793662643215,21.051074981689453,-0.38938331604003906,10
2024-07-08 17:00:07,2460500.208414352,Mon,2024-07-09,-6.9980564,2024-07-08T21:00:07.000,2460500.3750810185,Mon,2024-07-09,-2.9980564,0.24352828,0,10.05,-29.12,0.7,20.707254,20.32,281.43005,-42.94523,286.11276,-10.634874,2.6793194,0.079069845,397405.72,349.22766,25.52529,239.60612,-0.9589962,0.0,39.170002,1938,0.48720942228028435,21.051074981689453,-0.34382057189941406,10
2024-08-06 19:24:32,2460529.308703704,Tue,2024-08-07,-4.591112,2024-08-06T23:24:32.000,2460529.4753703703,Tue,2024-08-07,-0.59111214,0.25569355,0,9.97,-21.48,0.69,20.722878,20.32,254.1796,-75.11445,260.13,-48.839146,2.171116,0.052406464,402926.34,21.269085,-25.867771,299.59656,-0.9367274,0.0,31.45,1987,0.26252210757219274,20.989015579223633,-0.26613807678222656,11
2024-08-06 19:25:32,2460529.309398148,Tue,2024-08-07,-4.5744457,2024-08-06T23:25:32.000,2460529.4760648147,Tue,2024-08-07,-0.5744457,0.2556942,0,10.04,-21.41,0.68,20.738728,20.32,253.84544,-75.33862,259.99225,-49.061188,2.1717389,0.052435998,402927.7,21.361004,-26.086592,299.82507,-0.9866804,0.0,31.45,1987,0.25838589037260223,20.989015579223633,-0.2502880096435547,11
2024-08-06 19:27:32,2460529.310787037,Tue,2024-08-07,-4.541111,2024-08-06T23:27:32.000,2460529.477453704,Tue,2024-08-07,-0.541111,0.2556955,0,9.84,-21.62,0.69,20.722878,20.32,253.14966,-75.7858,259.71368,-49.504974,2.1729844,0.05249509,402930.44,21.544727,-26.524448,300.28195,-1.087617,0.0,31.460001,1987,0.2502183517127248,20.989015579223633,-0.26613807678222656,11
2024-08-06 19:28:32,2460529.3114814814,Tue,2024-08-07,-4.5244446,2024-08-06T23:28:32.000,2460529.4781481484,Tue,2024-08-07,-0.5244446,0.25569615,0,9.96,-21.55,0.69,20.722878,20.32,252.78716,-76.00876,259.57285,-49.726715,2.1736073,0.05252465,402931.8,21.636534,-26.743483,300.51028,-1.1385989,0.0,31.509998,1987,0.24997822260096775,20.97905445098877,-0.2561769485473633,11
2024-08-06 19:29:32,2460529.312175926,Tue,2024-08-07,-4.507778,2024-08-06T23:29:32.000,2460529.478842593,Tue,2024-08-07,-0.50777817,0.25569677,0,10.05,-21.72,0.69,20.722878,20.32,252.41434,-76.231285,259.43097,-49.948353,2.17423,0.052554213,402933.2,21.72831,-26.962587,300.73853,-1.189922,0.0,31.77,1987,0.25248200605530285,20.97905445098877,-0.2561769485473633,11
2024-08-06 19:34:32,2460529.315648148,Tue,2024-08-07,-4.424444,2024-08-06T23:34:32.000,2460529.482314815,Tue,2024-08-07,-0.4244442,0.2557,0,9.97,-21.56,0.7,20.707254,20.32,250.37706,-77.336395,258.70517,-51.05488,2.177344,0.05270216,402940.06,22.18679,-28.05914,301.8787,-1.4516214,0.0,31.529999,1987,0.20168127451718718,20.989015579223633,-0.28176116943359375,11
2024-08-06 19:35:32,2460529.3163425922,Tue,2024-08-07,-4.407778,2024-08-06T23:35:32.000,2460529.483009259,Tue,2024-08-07,-0.4077778,0.25570062,0,9.84,-21.53,0.68,20.738728,20.32,249.93088,-77.55573,258.55658,-51.275837,2.177967,0.052731775,402941.4,22.278425,-28.27865,302.1065,-1.5049717,0.0,31.37,1987,0.1974224906634479,20.989015579223633,-0.2502880096435547,11
2024-09-02 20:47:02,2460556.3659953703,Mon,2024-09-03,-3.2161121,2024-09-03T00:47:02.000,2460556.532662037,Tue,2024-09-03,0.78388894,0.26565814,0,9.9,-15.18,0.55,20.969093,20.32,151.52477,-74.70316,140.35461,-76.75353,29.248896,0.00089779653,403510.34,43.20976,-67.74672,341.70996,-15.258219,0.0,25.08,2024,0.20699720439029332,21.39949607849121,-0.4304027557373047,12
2024-09-02 20:48:02,2460556.3666898147,Mon,2024-09-03,-3.1994457,2024-09-03T00:48:02.000,2460556.533356481,Tue,2024-09-03,0.8005556,0.26565877,0,10.01,-15.22,0.68,20.738728,20.32,150.69167,-74.59021,139.5442,-76.604614,29.249369,0.0008947834,403511.62,43.422768,-67.96642,341.93158,-15.353163,0.0,25.23,2024,0.18214677355782238,21.39949607849121,-0.6607685089111328,12
2024-09-02 20:49:02,2460556.367384259,Mon,2024-09-03,-3.1827774,2024-09-03T00:49:02.000,2460556.5340509256,Tue,2024-09-03,0.81722224,0.26565936,0,10.03,-15.21,0.74,20.646921,20.32,149.87029,-74.47433,138.7509,-76.45331,29.249842,0.00089177926,403512.9,43.63892,-68.18597,342.15326,-15.448224,0.0,25.24,2024,0.1675188878725665,21.39949607849121,-0.7525749206542969,12
2024-09-02 20:50:02,2460556.368078704,Mon,2024-09-03,-3.166111,2024-09-03T00:50:02.000,2460556.5347453705,Tue,2024-09-03,0.8338889,0.26566,0,9.81,-15.43,0.76,20.617966,20.32,149.06067,-74.35557,137.97441,-76.29969,29.250315,0.0008887841,403514.2,43.85831,-68.40536,342.375,-15.543402,0.0,25.240002,2024,0.16711494856175718,21.39949607849121,-0.7815303802490234,12
2024-09-02 20:51:02,2460556.3687731484,Mon,2024-09-03,-3.1494446,2024-09-03T00:51:02.000,2460556.535439815,Tue,2024-09-03,0.8505556,0.2656606,0,9.73,-15.33,0.76,20.617966,20.32,148.26285,-74.23401,137.2144,-76.14385,29.250786,0.000885798,403515.47,44.08104,-68.62458,342.59677,-15.638694,0.0,25.06,2024,0.1688801729695592,21.39949607849121,-0.7815303802490234,12
2024-09-02 20:52:02,2460556.369467593,Mon,2024-09-03,-3.1327782,2024-09-03T00:52:02.000,2460556.5361342593,Tue,2024-09-03,0.86722225,0.2656612,0,9.8,-15.38,0.76,20.617966,20.32,147.47678,-74.10971,136.47057,-75.985855,29.251255,0.0008828209,403516.75,44.30721,-68.843636,342.8186,-15.734099,0.0,25.18,2024,0.15815154242985505,21.39949607849121,-0.7815303802490234,12
2024-09-02 20:53:02,2460556.370162037,Mon,2024-09-03,-3.1161118,2024-09-03T00:53:02.000,2460556.5368287037,Tue,2024-09-03,0.8838889,0.26566184,0,9.95,-15.39,0.76,20.617966,20.32,146.70248,-73.982735,135.74257,-75.82577,29.251726,0.0008798528,403518.03,44.536926,-69.062515,343.0405,-15.829617,0.0,25.34,2024,0.1527934313105908,21.39949607849121,-0.7815303802490234,12
2024-09-02 20:54:02,2460556.3708564816,Mon,2024-09-03,-3.0994453,2024-09-03T00:54:02.000,2460556.537523148,Tue,2024-09-03,0.90055555,0.26566243,0,10.02,-15.35,0.76,20.617966,20.32,145.9399,-73.85314,135.03006,-75.66367,29.252195,0.0008768937,403519.3,44.7703,-69.28121,343.26242,-15.925244,0.0,25.37,2024,0.15398343780049592,21.39949607849121,-0.7815303802490234,12
2024-09-02 20:55:02,2460556.371550926,Mon,2024-09-03,-3.082779,2024-09-03T00:55:02.000,2460556.5382175925,Tue,2024-09-03,0.91722226,0.26566306,0,9.94,-15.05,0.76,20.617966,20.32,145.18896,-73.721,134.33273,-75.49963,29.252665,0.0008739436,403520.6,45.00745,-69.49972,343.48444,-16.02098,0.0,24.99,2024,0.14772961718885663,21.39949607849121,-0.7815303802490234,12
2024-09-02 20:56:02,2460556.3722453704,Mon,2024-09-03,-3.0661125,2024-09-03T00:56:02.000,2460556.538912037,Tue,2024-09-03,0.9338889,0.26566365,0,9.94,-15.17,0.76,20.617966,20.32,144.44965,-73.586365,133.65022,-75.33371,29.253132,0.0008710025,403521.88,45.24849,-69.71803,343.70648,-16.116825,0.0,25.11,2024,0.14014127031254553,21.39949607849121,-0.7815303802490234,12
2024-09-02 20:57:02,2460556.372939815,Mon,2024-09-03,-3.0494442,2024-09-03T00:57:02.000,2460556.5396064813,Tue,2024-09-03,0.95055556,0.26566428,0,9.99,-15.42,0.76,20.617966,20.32,143.72186,-73.4493,132.98222,-75.16597,29.2536,0.00086807046,403523.16,45.493553,-69.93614,343.9286,-16.212776,0.0,25.41,2024,0.14425559052829817,21.39949607849121,-0.7815303802490234,12
2024-09-02 20:58:03,2460556.3736458337,Mon,2024-09-03,-3.0324993,2024-09-03T00:58:03.000,2460556.5403125,Tue,2024-09-03,0.9675,0.26566488,0,10.0,-15.46,0.59,20.89287,20.32,142.99367,-73.30753,132.31758,-74.99363,29.254074,0.00086509873,403524.44,45.746952,-70.15768,344.15445,-16.310432,0.0,25.46,2024,0.14847114960661856,21.39949607849121,-0.5066261291503906,12
2024-09-03 00:36:17,2460556.525196759,Tue,2024-09-03,0.60472226,2024-09-03T04:36:17.000,2460556.691863426,Tue,2024-09-03,4.604722,0.2657984,0,9.88,-14.99,0.51,21.051075,20.32,92.0543,-26.326277,89.6505,-27.411161,29.332876,0.00044234196,403797.1,209.51254,-58.54512,36.961327,-37.008884,0.0,24.869999,2024,0.30886217577138725,21.370540618896484,-0.31946563720703125,13
2024-09-03 00:37:17,2460556.5258912034,Tue,2024-09-03,0.6213889,2024-09-03T04:37:17.000,2460556.6925578704,Tue,2024-09-03,4.621389,0.265799,0,9.88,-15.02,0.65,20.787716,20.32,91.96061,-26.093166,89.56788,-27.183207,29.33309,0.0004413894,403798.3,209.6474,-58.3221,37.237114,-37.088074,0.0,24.900002,2024,0.3068536987395557,21.370540618896484,-0.58282470703125,13
2024-09-03 00:38:17,2460556.5265856483,Tue,2024-09-03,0.63805556,2024-09-03T04:38:17.000,2460556.693252315,Tue,2024-09-03,4.6380553,0.2657996,0,10.0,-14.76,0.73,20.661692,20.32,91.86714,-25.860043,89.485405,-26.955256,29.333302,0.0004404458,403799.53,209.78123,-58.099056,37.51332,-37.166965,0.0,24.76,2024,0.30029120899949596,21.370540618896484,-0.7088489532470703,13
2024-09-03 00:39:17,2460556.5272800927,Tue,2024-09-03,0.6547222,2024-09-03T04:39:17.000,2460556.693946759,Tue,2024-09-03,4.654722,0.2658002,0,9.99,-15.02,0.77,20.603773,20.32,91.7739,-25.626911,89.403076,-26.727308,29.333511,0.00043951112,403800.75,209.91406,-57.87598,37.789948,-37.245567,0.0,25.01,2024,0.27950873020955536,21.370540618896484,-0.7667675018310547,13
2024-09-03 00:40:17,2460556.527974537,Tue,2024-09-03,0.6713889,2024-09-03T04:40:17.000,2460556.6946412036,Tue,2024-09-03,4.6713886,0.26580083,0,9.84,-14.84,0.77,20.603773,20.32,91.680885,-25.393768,89.3209,-26.499367,29.33372,0.00043858547,403801.97,210.04591,-57.652878,38.066998,-37.323868,0.0,24.68,2024,0.2540013550551202,21.370540618896484,-0.7667675018310547,13
2024-09-03 00:41:17,2460556.5286689815,Tue,2024-09-03,0.6880556,2024-09-03T04:41:17.000,2460556.695335648,Tue,2024-09-03,4.6880555,0.26580143,0,9.88,-14.79,0.66,20.77114,20.32,91.58807,-25.160616,89.23885,-26.271431,29.333925,0.00043766876,403803.2,210.1768,-57.42975,38.34447,-37.40187,0.0,24.67,2024,0.250524762192469,21.370540618896484,-0.5994014739990234,13
2024-09-03 20:26:16,2460557.351574074,Tue,2024-09-04,-3.5622234,2024-09-04T00:26:16.000,2460557.5182407405,Wed,2024-09-04,0.4377778,0.26596814,0,9.84,-16.43,0.61,20.856674,20.32,171.08574,-75.90028,201.68646,-73.05114,0.70412177,0.005600653,405050.9,40.02035,-64.02946,337.98453,-13.678762,0.0,26.27,2025,0.267290160951748,21.288040161132812,-0.431365966796875,14
2024-09-03 20:27:16,2460557.352268519,Tue,2024-09-04,-3.545555,2024-09-04T00:27:16.000,2460557.5189351854,Wed,2024-09-04,0.45444444,0.26596877,0,9.89,-16.46,0.69,20.722878,20.32,170.08138,-75.86186,200.89874,-73.12991,0.70472467,0.00561023,405051.78,40.19193,-64.25107,338.20557,-13.771521,0.0,26.349998,2025,0.2635737252148588,21.288040161132812,-0.5651626586914062,14
2024-09-03 20:28:16,2460557.3529629633,Tue,2024-09-04,-3.5288887,2024-09-04T00:28:16.000,2460557.51962963,Wed,2024-09-04,0.47111112,0.26596937,0,10.0,-16.3,0.72,20.676668,20.32,169.08253,-75.81942,200.10408,-73.20574,0.7053276,0.0056198156,405052.66,40.365467,-64.472595,338.42664,-13.864419,0.0,26.3,2025,0.25815612186243136,21.288040161132812,-0.6113719940185547,14
2024-09-03 20:29:16,2460557.3536574077,Tue,2024-09-04,-3.5122223,2024-09-04T00:29:16.000,2460557.520324074,Wed,2024-09-04,0.48777777,0.26597,0,10.0,-16.33,0.69,20.722878,20.32,168.08969,-75.772995,199.30264,-73.27858,0.70593053,0.00562941,405053.56,40.541023,-64.69404,338.64774,-13.957457,0.0,26.33,2025,0.2540935938706541,21.288040161132812,-0.5651626586914062,14
2024-09-03 20:37:17,2460557.359224537,Tue,2024-09-04,-3.3786106,2024-09-04T00:37:17.000,2460557.5258912034,Wed,2024-09-04,0.6213889,0.26597488,0,9.82,-16.89,0.53,21.00931,20.32,160.40009,-75.2622,192.65878,-73.75009,0.7107655,0.0057066386,405060.6,42.028267,-66.46565,340.42126,-14.708182,0.0,26.71,2025,0.320887405883331,21.314849853515625,-0.3055400848388672,15
2024-09-03 20:38:17,2460557.359918982,Tue,2024-09-04,-3.3619442,2024-09-04T00:38:17.000,2460557.5265856483,Wed,2024-09-04,0.63805556,0.26597548,0,9.9,-16.89,0.65,20.787716,20.32,159.48012,-75.18193,191.80637,-73.794365,0.71136874,0.0057163113,405061.47,42.2247,-66.68614,340.64267,-14.802415,0.0,26.789999,2025,0.3356112322729618,21.314849853515625,-0.5271339416503906,15
2024-09-03 20:39:17,2460557.360613426,Tue,2024-09-04,-3.3452778,2024-09-04T00:39:17.000,2460557.5272800927,Wed,2024-09-04,0.6547222,0.2659761,0,10.05,-16.36,0.71,20.691854,20.32,158.56985,-75.098175,190.94965,-73.83532,0.71197206,0.005725993,405062.34,42.42379,-66.90651,340.86407,-14.896772,0.0,26.41,2025,0.33444048498649215,21.314849853515625,-0.6229953765869141,15
2024-09-03 20:40:17,2460557.3613078706,Tue,2024-09-04,-3.3286114,2024-09-04T00:40:17.000,2460557.527974537,Wed,2024-09-04,0.6713889,0.2659767,0,10.01,-16.38,0.73,20.661692,20.32,157.66957,-75.01099,190.08891,-73.87292,0.7125754,0.005735683,405063.22,42.62561,-67.12675,341.08554,-14.991255,0.0,26.39,2025,0.32480301200286743,21.314849853515625,-0.6531581878662109,15
2024-09-03 20:41:17,2460557.362002315,Tue,2024-09-04,-3.311945,2024-09-04T00:41:17.000,2460557.5286689815,Wed,2024-09-04,0.6880556,0.26597732,0,9.83,-16.35,0.6,20.874622,20.32,156.77946,-74.92043,189.22449,-73.90714,0.71317875,0.0057453816,405064.12,42.830242,-67.34685,341.30707,-15.08586,0.0,26.18,2025,0.3030799460072694,21.314849853515625,-0.4402275085449219,15
2024-09-03 21:07:19,2460557.3800810184,Tue,2024-09-04,-2.8780556,2024-09-04T01:07:19.000,2460557.546747685,Wed,2024-09-04,1.1219444,0.2659932,0,9.95,-16.72,0.59,20.89287,20.32,137.43365,-71.57764,166.58069,-73.58362,0.7288983,0.0060009323,405086.84,49.499702,-73.00961,347.0929,-17.587345,0.0,26.669998,2025,0.26600637290822915,21.34233856201172,-0.44946861267089844,16
2024-09-03 21:08:19,2460557.380775463,Tue,2024-09-04,-2.8613892,2024-09-04T01:08:19.000,2460557.54744213,Wed,2024-09-04,1.1386111,0.26599383,0,10.03,-16.52,0.68,20.738728,20.32,136.83344,-71.41873,165.74963,-73.52551,0.72950256,0.0060108663,405087.7,49.82573,-73.2235,347.31604,-17.684736,0.0,26.55,2025,0.25871984613476684,21.34233856201172,-0.6036109924316406,16
2024-09-03 21:09:19,2460557.3814699072,Tue,2024-09-04,-2.8447227,2024-09-04T01:09:19.000,2460557.548136574,Wed,2024-09-04,1.1552777,0.26599443,0,9.93,-16.51,0.72,20.676668,20.32,136.24281,-71.25806,164.92433,-73.46423,0.73010683,0.0060208086,405088.56,50.158745,-73.43703,347.53928,-17.782211,0.0,26.44,2025,0.25867785893647194,21.34233856201172,-0.6656703948974609,16
2024-09-03 21:10:19,2460557.3821643516,Tue,2024-09-04,-2.8280563,2024-09-04T01:10:19.000,2460557.5488310186,Wed,2024-09-04,1.1719444,0.26599506,0,9.89,-16.55,0.67,20.754812,20.32,135.66165,-71.09566,164.10503,-73.39982,0.73071116,0.00603076,405089.44,50.499012,-73.650154,347.7626,-17.879766,0.0,26.439999,2025,0.25853229072643125,21.34233856201172,-0.5875263214111328,16
2024-09-03 21:12:19,2460557.3835532404,Tue,2024-09-04,-2.7947216,2024-09-04T01:12:19.000,2460557.5502199074,Wed,2024-09-04,1.2052778,0.26599628,0,10.06,-16.41,0.67,20.754812,20.32,134.52713,-70.76588,162.48523,-73.26174,0.7319199,0.006050688,405091.2,51.20241,-74.07517,348.2095,-18.075117,0.0,26.470001,2025,0.24582468430247206,21.34233856201172,-0.5875263214111328,16
2024-09-03 21:13:19,2460557.3842476853,Tue,2024-09-04,-2.7780552,2024-09-04T01:13:19.000,2460557.550914352,Wed,2024-09-04,1.2219445,0.26599687,0,9.95,-16.2,0.73,20.661692,20.32,133.97346,-70.59858,161.68517,-73.18815,0.73252434,0.0060606655,405092.03,51.566135,-74.28703,348.4331,-18.17291,0.0,26.150002,2025,0.2504292517925891,21.34233856201172,-0.6806468963623047,16
2024-09-03 21:14:19,2460557.3849421297,Tue,2024-09-04,-2.7613888,2024-09-04T01:14:19.000,2460557.551608796,Wed,2024-09-04,1.2386111,0.2659975,0,9.83,-16.41,0.74,20.646921,20.32,133.4287,-70.429726,160.8919,-73.11157,0.7331288,0.006070651,405092.9,51.93829,-74.498436,348.65677,-18.270779,0.0,26.24,2025,0.25193932960262483,21.34233856201172,-0.6954174041748047,16
2024-09-03 21:15:19,2460557.385636574,Tue,2024-09-04,-2.7447224,2024-09-04T01:15:19.000,2460557.5523032406,Wed,2024-09-04,1.2552778,0.2659981,0,9.86,-16.47,0.74,20.646921,20.32,132.89262,-70.25936,160.10564,-73.03205,0.73373324,0.0060806456,405093.78,52.319206,-74.70936,348.88052,-18.368721,0.0,26.329998,2025,0.24780276116472788,21.34233856201172,-0.6954174041748047,16
2024-09-03 21:16:19,2460557.3863310185,Tue,2024-09-04,-2.728056,2024-09-04T01:16:19.000,2460557.552997685,Wed,2024-09-04,1.2719444,0.26599872,0,9.99,-16.51,0.74,20.646921,20.32,132.36514,-70.087524,159.32649,-72.94964,0.73433775,0.006090649,405094.62,52.709236,-74.91978,349.10437,-18.466736,0.0,26.5,2025,0.2243751466596306,21.34233856201172,-0.6954174041748047,16
2024-09-03 21:17:19,2460557.387025463,Tue,2024-09-04,-2.7113895,2024-09-04T01:17:19.000,2460557.5536921294,Wed,2024-09-04,1.288611,0.26599932,0,10.02,-16.45,0.74,20.646921,20.32,131.84608,-69.91426,158.55464,-72.86436,0.7349423,0.0061006607,405095.5,53.10874,-75.12968,349.3283,-18.564821,0.0,26.470001,2025,0.21341093169370864,21.34233856201172,-0.6954174041748047,16
2024-09-03 21:18:19,2460557.3877199073,Tue,2024-09-04,-2.6947231,2024-09-04T01:18:19.000,2460557.554386574,Wed,2024-09-04,1.3052777,0.26599994,0,9.91,-16.49,0.74,20.646921,20.32,131.3353,-69.73959,157.7902,-72.77627,0.7355469,0.006110681,405096.38,53.51811,-75.339035,349.55237,-18.66298,0.0,26.4,2025,0.20318273638604142,21.34233856201172,-0.6954174041748047,16
2024-09-03 21:19:19,2460557.3884143517,Tue,2024-09-04,-2.6780548,2024-09-04T01:19:19.000,2460557.5550810182,Wed,2024-09-04,1.3219444,0.26600057,0,9.89,-16.71,0.74,20.646921,20.32,130.83263,-69.56357,157.03331,-72.6854,0.73615146,0.0061207106,405097.25,53.937737,-75.54782,349.7765,-18.761204,0.0,26.599998,2025,0.18942263692701106,21.34233856201172,-0.6954174041748047,16
2024-09-03 21:20:20,2460557.38912037,Tue,2024-09-04,-2.66111,2024-09-04T01:20:20.000,2460557.555787037,Wed,2024-09-04,1.3388889,0.26600116,0,9.98,-16.71,0.74,20.646921,20.32,130.32976,-69.38325,156.27165,-72.59022,0.73676616,0.006130916,405098.12,54.375317,-75.759476,350.00446,-18.861134,0.0,26.689999,2025,0.17658798203435266,21.264653205871582,-0.617732048034668,16
2024-09-03 21:21:20,2460557.3898148146,Tue,2024-09-04,-2.6444435,2024-09-04T01:21:20.000,2460557.5564814815,Wed,2024-09-04,1.3555555,0.26600176,0,10.04,-16.63,0.74,20.646921,20.32,129.84303,-69.204575,155.5303,-72.49389,0.73737085,0.0061409627,405098.97,54.816948,-75.96704,350.2288,-18.959492,0.0,26.669998,2025,0.17097921430757668,21.16336154937744,-0.5164403915405273,16
2024-09-03 23:00:26,2460557.458634259,Tue,2024-09-04,-0.9927769,2024-09-04T03:00:26.000,2460557.625300926,Wed,2024-09-04,3.0072222,0.2660623,0,10.02,-16.62,0.55,20.969093,20.32,103.48445,-48.26198,114.04035,-55.46075,0.7974324,0.007179616,405183.2,184.49548,-78.436165,13.2360735,-28.771927,0.0,26.640001,2025,0.19001560546079116,21.429243087768555,-0.46014976501464844,17
2024-09-03 23:01:26,2460557.4593287036,Tue,2024-09-04,-0.97611046,2024-09-04T03:01:26.000,2460557.6259953706,Wed,2024-09-04,3.0238888,0.26606292,0,9.96,-16.46,0.64,20.80455,20.32,103.33448,-48.034966,113.82545,-55.25119,0.7980398,0.0071905307,405184.0,185.11896,-78.23909,13.479078,-28.868828,0.0,26.419998,2025,0.1822595799057735,21.429243087768555,-0.6246929168701172,17
2024-09-03 23:02:26,2460557.460023148,Tue,2024-09-04,-0.95944405,2024-09-04T03:02:26.000,2460557.626689815,Wed,2024-09-04,3.0405555,0.2660635,0,9.97,-16.58,0.7,20.707254,20.32,103.185646,-47.80782,113.61267,-55.041298,0.79864717,0.0072014537,405184.84,185.7236,-78.04091,13.7223625,-28.965628,0.0,26.55,2025,0.18590701624596487,21.414369583129883,-0.7071151733398438,17
2024-09-03 23:03:26,2460557.4607175924,Tue,2024-09-04,-0.94277763,2024-09-04T03:03:26.000,2460557.6273842594,Wed,2024-09-04,3.0572221,0.26606414,0,10.02,-16.48,0.72,20.676668,20.32,103.037926,-47.580532,113.401985,-54.831078,0.79925454,0.007212385,405185.7,186.31026,-77.84166,13.965928,-29.062325,0.0,26.5,2025,0.1907063084756389,21.39949607849121,-0.7228279113769531,17
2024-09-03 23:04:26,2460557.461412037,Tue,2024-09-04,-0.9261093,2024-09-04T03:04:26.000,2460557.628078704,Wed,2024-09-04,3.0738888,0.26606476,0,9.95,-16.42,0.72,20.676668,20.32,102.891304,-47.35311,113.19336,-54.62054,0.79986197,0.007223326,405186.53,186.87968,-77.64141,14.209777,-29.158916,0.0,26.369999,2025,0.19112982466231837,21.39949607849121,-0.7228279113769531,17
2024-09-03 23:05:26,2460557.4621064817,Tue,2024-09-04,-0.9094429,2024-09-04T03:05:26.000,2460557.628773148,Wed,2024-09-04,3.0905554,0.26606536,0,9.9,-16.68,0.57,20.930313,20.32,102.74576,-47.125557,112.986755,-54.409683,0.80046946,0.007234275,405187.34,187.43266,-77.44019,14.45391,-29.255402,0.0,26.58,2025,0.2000118626969371,21.39949607849121,-0.46918296813964844,17
